Index,Model,fun,k,n,ngroups,R2,bias,MSE,TrueTreatmentVariance
1,2SLS,I,2,1000,3,0.708201417477646,0.0445083799855447,0.220897936254294,0.704589395804783
1,GMRF Prior,I,2,1000,3,0.750889893086606,0.0494740034355706,0.208502517377211,0.704589395804783
2,2SLS,I,2,1000,5,0.734799668520444,0.0375023475582921,0.201782290070025,0.704589395804783
2,GMRF Prior,I,2,1000,5,0.882457193803341,0.0684255914475272,0.118686005976781,0.704589395804783
3,2SLS,I,2,1000,10,0.361116868012923,0.028573864282973,1.15241524298881,0.704589395804783
3,GMRF Prior,I,2,1000,10,0.909338758663778,0.0766881342968568,0.118220451507745,0.704589395804783
4,2SLS,squared,2,1000,3,0.141209655199881,-0.163392225551709,0.765454701991964,0.860566477283322
4,GMRF Prior,squared,2,1000,3,0.186888823847966,-0.157874651053814,0.724752444246169,0.860566477283322
5,2SLS,squared,2,1000,5,0.280180354220739,-0.104636691215587,0.689873763693676,0.860566477283322
5,GMRF Prior,squared,2,1000,5,0.431232537248419,-0.0807947942545803,0.503725943481758,0.860566477283322
6,2SLS,squared,2,1000,10,0.284802378077449,-0.0694892851518955,1.46556350909985,0.860566477283322
6,GMRF Prior,squared,2,1000,10,0.642543458379162,-0.0579450632364907,0.332804740254069,0.860566477283322
7,2SLS,sin,2,1000,3,0.624588396116695,0.0544957162578388,0.290426664776448,0.767391802173001
7,GMRF Prior,sin,2,1000,3,0.648422369852967,0.0721820774247494,0.281297961771026,0.767391802173001
8,2SLS,sin,2,1000,5,0.603737403930069,0.0688644241556328,0.349584996924092,0.767391802173001
8,GMRF Prior,sin,2,1000,5,0.743930803382798,0.0914468834227851,0.208282142419368,0.767391802173001
9,2SLS,sin,2,1000,10,0.338323012106844,0.0363756553508118,1.01292994920472,0.767391802173001
9,GMRF Prior,sin,2,1000,10,0.831603150360529,0.0683180855324026,0.155688880795149,0.767391802173001
10,2SLS,I,3,1000,3,0.540225195616535,0.137112705760318,0.40948969361612,0.75515484878394
10,GMRF Prior,I,3,1000,3,0.709141723130509,0.118705086390883,0.263453874332886,0.75515484878394
11,2SLS,I,3,1000,5,0.0110299122280656,-0.214311876206717,67.3236653804135,0.754814458475687
11,GMRF Prior,I,3,1000,5,0.77546774657965,0.0714942015401017,0.219591544021672,0.75515484878394
12,2SLS,I,3,1000,10,0.00101950485141451,-5.80764217919021,5575.942264273,0.724952838645805
12,GMRF Prior,I,3,1000,10,0.792358390536343,0.0120461398132752,0.231341865759102,0.75515484878394
13,2SLS,squared,3,1000,3,0.276637388082862,0.154427386390934,0.69422052837959,0.731956526078804
13,GMRF Prior,squared,3,1000,3,0.530922684979617,0.170439604598719,0.398577223320673,0.731956526078804
14,2SLS,squared,3,1000,5,0.131344367130682,0.113147764510387,3.15431365579337,0.732630504596455
14,GMRF Prior,squared,3,1000,5,0.600906091883828,0.189936935683014,0.353734645054316,0.731956526078804
15,2SLS,squared,3,1000,10,0.0198720943069922,-77.6283287070525,966071.605954373,0.837850589142861
15,GMRF Prior,squared,3,1000,10,0.671890336435878,0.189903471507666,0.357608743049473,0.731956526078804
16,2SLS,sin,3,1000,3,0.610626595596137,-0.0755624844880591,0.379564326563317,0.873480170591547
16,GMRF Prior,sin,3,1000,3,0.718598107167122,-0.0564202390607466,0.251236091821478,0.873480170591547
17,2SLS,sin,3,1000,5,0.232165444491742,-0.120720065545086,3.6366537722324,0.872507289905232
17,GMRF Prior,sin,3,1000,5,0.815471711142527,-0.0452108901187372,0.164866494686405,0.873480170591547
18,2SLS,sin,3,1000,10,0.00168306137312435,-0.739239496534971,181.013686698359,0.984716256709086
18,GMRF Prior,sin,3,1000,10,0.835308523577382,-0.0448269861453313,0.154785957525873,0.873480170591547
19,2SLS,I,4,1000,3,0.277200630892931,0.178856610593188,1.31909621293508,0.652063288708342
19,GMRF Prior,I,4,1000,3,0.743745492215311,0.205211338737417,0.217305570818658,0.649912226022573
20,2SLS,I,4,1000,5,0.00135927051683302,0.939293893248129,135.693702492552,0.692580606619044
20,GMRF Prior,I,4,1000,5,0.764230279512015,0.255737015402257,0.246572163992914,0.649912226022573
21,2SLS,I,2,1000,4,0.58335571809768,-0.00165978152165744,0.283048184813161,0.647609541855135
21,GMRF Prior,I,2,1000,4,0.764890555457894,0.0620360245816768,0.220702880210415,0.647609541855135
22,2SLS,I,2,1000,5,0.589938040754215,-0.0099922370802943,0.317536860345952,0.647609541855135
22,GMRF Prior,I,2,1000,5,0.79797865814958,0.0591468986050957,0.18454245206245,0.647609541855135
23,2SLS,I,2,1000,6,0.508514485958767,-0.0606440260355622,0.552246780064469,0.647609541855135
23,GMRF Prior,I,2,1000,6,0.820370515557037,0.0419080670696868,0.182765833029516,0.647609541855135
24,2SLS,squared,2,1000,4,0.432797448921558,0.148296306480528,0.501393482737935,0.696510174665506
24,GMRF Prior,squared,2,1000,4,0.531936002729932,0.153814239774375,0.34965030194171,0.696510174665506
25,2SLS,squared,2,1000,5,0.450320970755845,0.139886959898194,0.643584886230109,0.696510174665506
25,GMRF Prior,squared,2,1000,5,0.582774059335231,0.175133413535439,0.325648853984681,0.696510174665506
26,2SLS,squared,2,1000,6,0.509788535846404,0.148072255729888,0.613696857714829,0.696510174665506
26,GMRF Prior,squared,2,1000,6,0.660787150753025,0.208770232070402,0.282583947702269,0.696510174665506
27,2SLS,sin,2,1000,4,0.787537345162303,0.150215187324643,0.308199017610956,0.6806914992046
27,GMRF Prior,sin,2,1000,4,0.834606698481286,0.196835543749029,0.165595482135848,0.6806914992046
28,2SLS,sin,2,1000,5,0.811575766548152,0.192319438925024,0.258971105254993,0.6806914992046
28,GMRF Prior,sin,2,1000,5,0.87302919590412,0.228440329941092,0.138551374027512,0.6806914992046
29,2SLS,sin,2,1000,6,0.679788667754346,0.118734538024693,0.462691228054192,0.6806914992046
29,GMRF Prior,sin,2,1000,6,0.892914669069546,0.207594908807284,0.116922479304294,0.6806914992046
30,2SLS,I,1,1000,4,0.875811269296499,-0.120462759607991,0.106869236662463,0.732115183513165
30,GMRF Prior,I,1,1000,4,0.879451970791298,-0.118779729571229,0.106888151181701,0.732115183513165
31,2SLS,I,1,1000,5,0.86554488912663,-0.163749752722347,0.127559879965725,0.732115183513165
31,GMRF Prior,I,1,1000,5,0.90057326280321,-0.152797023548215,0.0967657142552439,0.732115183513165
32,2SLS,I,1,1000,6,0.875146001004367,-0.158079734727992,0.11730669659975,0.732115183513165
32,GMRF Prior,I,1,1000,6,0.909665171380856,-0.139834234776749,0.0892425600522017,0.732115183513165
33,2SLS,squared,1,1000,4,0.457580344871089,0.0625529015868834,0.621950171997628,1.12628491965811
33,GMRF Prior,squared,1,1000,4,0.474069968487113,0.0845209634766803,0.598771011816841,1.12628491965811
34,2SLS,squared,1,1000,5,0.546330753605519,0.0951210670927791,0.526777883928142,1.12628491965811
34,GMRF Prior,squared,1,1000,5,0.556399701120384,0.100492049688723,0.510943041937363,1.12628491965811
35,2SLS,squared,1,1000,6,0.608656665048609,0.0687001642184508,0.450667503601783,1.12628491965811
35,GMRF Prior,squared,1,1000,6,0.620816388339066,0.0950073307007282,0.436437603067242,1.12628491965811
36,2SLS,sin,1,1000,4,0.488760137336494,0.0593660683911138,0.448750567326038,0.871913234678723
36,GMRF Prior,sin,1,1000,4,0.517818385434821,0.069359494911486,0.426211143679541,0.871913234678723
37,2SLS,sin,1,1000,5,0.588742546975162,0.0688704216162769,0.374945172329598,0.871913234678723
37,GMRF Prior,sin,1,1000,5,0.61517421677638,0.0866455222666381,0.343399760004824,0.871913234678723
38,2SLS,sin,1,1000,6,0.680913946509845,0.102986745578322,0.293758540493292,0.871913234678723
38,GMRF Prior,sin,1,1000,6,0.727669041090669,0.116517331499123,0.250582636822425,0.871913234678723
39,2SLS,I,2,1000,4,0.788457053368442,0.0583537601727108,0.248792671316687,0.667193984030801
39,GMRF Prior,I,2,1000,4,0.8501869215874,0.103881739355707,0.116065109976193,0.667193984030801
40,2SLS,I,2,1000,5,0.736113560927732,0.14440890586517,0.390627199508011,0.667193984030801
40,GMRF Prior,I,2,1000,5,0.848378535634445,0.134536313955594,0.126628422580992,0.667193984030801
41,2SLS,I,2,1000,6,0.725548999866649,0.0988046562358422,0.403379227982905,0.667193984030801
41,GMRF Prior,I,2,1000,6,0.882807940685428,0.115443654905562,0.0913741728391555,0.667193984030801
42,2SLS,squared,2,1000,4,0.337970426486394,0.0621877983959107,0.643179133096313,0.762020098559017
42,GMRF Prior,squared,2,1000,4,0.37735659128931,0.0710300924182229,0.485943363547212,0.762020098559017
43,2SLS,squared,2,1000,5,0.34344447523696,0.0949755542076079,0.690557354846289,0.762020098559017
43,GMRF Prior,squared,2,1000,5,0.406800658173554,0.0746644356886613,0.458120241371177,0.762020098559017
44,2SLS,squared,2,1000,6,0.414403634084426,0.00604005776115061,0.610368907917678,0.762020098559017
44,GMRF Prior,squared,2,1000,6,0.506507271295752,0.0378667500946706,0.376723931790876,0.762020098559017
45,2SLS,sin,2,1000,4,0.63544932844026,0.030147760444052,0.349364165730427,0.876535341277274
45,GMRF Prior,sin,2,1000,4,0.689264590708357,0.0631214364024059,0.278080893721844,0.876535341277274
46,2SLS,sin,2,1000,5,0.662720560369478,0.0791671119788014,0.37945040100851,0.876535341277274
46,GMRF Prior,sin,2,1000,5,0.742128163062172,0.0908153503233665,0.239466263558283,0.876535341277274
47,2SLS,sin,2,1000,6,0.588771061922758,0.0789138249252302,0.495439983849946,0.876535341277274
47,GMRF Prior,sin,2,1000,6,0.776460276077316,0.0721504933638706,0.215338135788979,0.876535341277274
48,2SLS,I,3,1000,4,0.444783670372115,-0.0592347664218967,0.862645230903965,0.71264589551217
48,GMRF Prior,I,3,1000,4,0.762516537028063,0.0232179697164261,0.169429161963245,0.71264589551217
49,2SLS,I,3,1000,5,0.297771034405479,-0.0424707749124815,2.17834012711112,0.71264589551217
49,GMRF Prior,I,3,1000,5,0.790914905602364,0.0600686583428216,0.153410003318494,0.71264589551217
50,2SLS,I,3,1000,6,0.0103223770292488,1.31825557093726,376.37435547809,0.716500622347557
50,GMRF Prior,I,3,1000,6,0.812793798623991,0.08715962024013,0.144339272952314,0.71264589551217
51,2SLS,squared,3,1000,4,0.365683720861535,-0.0319315269811378,1.00131402557012,0.930404066443698
51,GMRF Prior,squared,3,1000,4,0.595650171571534,0.0839798086189896,0.386005888586398,0.930404066443698
52,2SLS,squared,3,1000,5,0.227222972415007,0.104756812898944,4.76411117481064,0.902419008455671
52,GMRF Prior,squared,3,1000,5,0.675993733578386,0.0955000652869481,0.316928394796922,0.930404066443698
53,2SLS,squared,3,1000,6,0.0595161177724064,0.0568758258532635,14.31034986439,0.902713668872153
53,GMRF Prior,squared,3,1000,6,0.719978918506731,0.0980102591664766,0.280390259051769,0.930404066443698
54,2SLS,sin,3,1000,4,0.414815628256573,0.0843914494832763,0.880063872044178,0.750548910556967
54,GMRF Prior,sin,3,1000,4,0.639815959652526,0.103145970713733,0.280421084142557,0.750548910556967
55,2SLS,sin,3,1000,5,0.167026745885978,-0.00572819665815374,3.4888967990022,0.750548910556967
55,GMRF Prior,sin,3,1000,5,0.655491759820256,0.141343994399957,0.279061653564864,0.750548910556967
56,2SLS,sin,3,1000,6,0.00261191674566321,0.638825297873505,212.560198892994,0.754352108593668
56,GMRF Prior,sin,3,1000,6,0.670838148640236,0.179370237765542,0.279796296327406,0.750548910556967
57,2SLS,I,4,1000,4,0.0908049547801809,0.220188650876338,12.4589483704456,0.708681254411788
57,GMRF Prior,I,4,1000,4,0.623949067092047,0.0870279684477032,0.281637914272476,0.726118142157992
58,2SLS,I,4,1000,5,0.000546451131688969,0.411227475225067,38.4748755840395,0.647104448878001
58,GMRF Prior,I,4,1000,5,0.661353642829021,0.0745166357695986,0.296123955462113,0.726118142157992
59,2SLS,I,4,1000,6,0.0112501330447737,4.64612768376604,5678.25530387133,0.598657361129139
59,GMRF Prior,I,4,1000,6,0.68168681790301,0.0932914289119655,0.279832158858495,0.726118142157992
60,2SLS,squared,4,1000,4,0.0630650792309641,-0.493504984486958,13.1862367867165,1.19089898357045
60,GMRF Prior,squared,4,1000,4,0.510156266543414,-0.159003682746359,0.630992662435369,1.16368889082466
61,2SLS,squared,4,1000,5,0.0262094253085636,-2.03181994440537,788.669321402824,1.3761482151198
61,GMRF Prior,squared,4,1000,5,0.547324449979601,-0.156850950871171,0.589430161900412,1.16368889082466
62,2SLS,squared,4,1000,6,0.000669659538338528,1.36295923745177,342.373667998902,1.54367037126811
62,GMRF Prior,squared,4,1000,6,0.606805702295381,-0.160587462941338,0.560748809383554,1.16368889082466
63,2SLS,sin,4,1000,4,0.0339040425681707,0.175981186418248,9.51060599149288,0.766695595185249
63,GMRF Prior,sin,4,1000,4,0.58017292258692,0.0978784289385286,0.334454013355654,0.771167855206009
64,2SLS,sin,4,1000,5,0.0228583390381014,0.706454028823647,907.075297700309,0.723537525995011
64,GMRF Prior,sin,4,1000,5,0.596537121257103,0.0819434280094154,0.317850905517016,0.771167855206009
65,2SLS,sin,4,1000,6,0.00220702642772531,4.08877749925865,877.934541908449,0.657753853867188
65,GMRF Prior,sin,4,1000,6,0.592632929818854,0.127650139017627,0.334134823214599,0.771167855206009
66,2SLS,I,5,1000,4,0.00177062036080162,5.43343456571201,1780.69431353925,0.721459328455269
66,GMRF Prior,I,5,1000,4,0.716683367185961,0.065488035826061,0.204031153111752,0.682063839444555
67,2SLS,squared,5,1000,4,2.21818481258715e-06,-0.228032631126617,217.471623400058,0.409494043049647
67,GMRF Prior,squared,5,1000,4,0.458370010453669,0.115584591736591,0.275013691731627,0.365433440562035
68,2SLS,sin,5,1000,4,1.83843601438286e-05,1.23778176438313,711.132655206718,0.822845488003798
68,GMRF Prior,sin,5,1000,4,0.399546099179592,-0.15197721211206,0.534805835456751,0.832108801727257
69,2SLS,I,1,1000,4,0.84443138735896,0.0284130585439298,0.106207697665891,0.67907748792968
69,GMRF Prior,I,1,1000,4,0.862284882939046,0.035291686985125,0.0963886772224849,0.67907748792968
70,2SLS,I,1,1000,5,0.887827349636024,0.0319560069455448,0.0778511932689839,0.67907748792968
70,GMRF Prior,I,1,1000,5,0.902950010985624,0.042302549878351,0.0742895871271783,0.67907748792968
71,2SLS,I,1,1000,6,0.914871109475058,0.0146550684338433,0.0587722474265634,0.67907748792968
71,GMRF Prior,I,1,1000,6,0.927087095556774,0.0317558602955073,0.0591078664437195,0.67907748792968
72,2SLS,squared,1,1000,4,0.444248947610866,0.0975532851915408,0.161118787462787,0.272188186822907
72,GMRF Prior,squared,1,1000,4,0.465516391613149,0.0925056687602017,0.154010621785601,0.272188186822907
73,2SLS,squared,1,1000,5,0.46336547809633,0.0792786191550133,0.152363894351084,0.272188186822907
73,GMRF Prior,squared,1,1000,5,0.505174728825169,0.0724192767107185,0.15214000021635,0.272188186822907
74,2SLS,squared,1,1000,6,0.603140454731376,0.0704897036924439,0.113084930695712,0.272188186822907
74,GMRF Prior,squared,1,1000,6,0.68425214292738,0.060374228252598,0.103283976264063,0.272188186822907
75,2SLS,sin,1,1000,4,0.881021782370518,-0.112433843407731,0.104901687518732,0.776757606580396
75,GMRF Prior,sin,1,1000,4,0.904418247101454,-0.103817922106864,0.0881074008282195,0.776757606580396
76,2SLS,sin,1,1000,5,0.878410271238263,-0.139828523443752,0.121277994045471,0.776757606580396
76,GMRF Prior,sin,1,1000,5,0.913334688271161,-0.125601348521954,0.0829427565453548,0.776757606580396
77,2SLS,sin,1,1000,6,0.874670434180454,-0.176839621711031,0.143151196558838,0.776757606580396
77,GMRF Prior,sin,1,1000,6,0.915595345115354,-0.150046383852249,0.0880095707729125,0.776757606580396
78,2SLS,I,2,1000,4,0.513151930088493,0.10361825247331,0.381200862564699,0.762168600097253
78,GMRF Prior,I,2,1000,4,0.772165038761623,0.0944306224817456,0.303114643532297,0.762168600097253
79,2SLS,I,2,1000,5,0.439092839108767,0.108287807403392,0.45470055045134,0.762168600097253
79,GMRF Prior,I,2,1000,5,0.841807568577785,0.0948491429900316,0.298346651955798,0.762168600097253
80,2SLS,I,2,1000,6,0.511272218503791,0.0885119666720929,0.397138933109457,0.762168600097253
80,GMRF Prior,I,2,1000,6,0.886336582270924,0.0782998754458547,0.265264530036342,0.762168600097253
81,2SLS,squared,2,1000,4,0.344224234523111,0.23681052353818,0.743245861401214,1.0351966480266
81,GMRF Prior,squared,2,1000,4,0.419560505467633,0.241782597735014,0.663041996844464,1.0351966480266
82,2SLS,squared,2,1000,5,0.363003943862128,0.187585922414085,0.786996917211424,1.0351966480266
82,GMRF Prior,squared,2,1000,5,0.502669759751411,0.223352353439999,0.568179870978169,1.0351966480266
83,2SLS,squared,2,1000,6,0.303248167721495,0.132974033307735,0.905275350616609,1.03622060641067
83,GMRF Prior,squared,2,1000,6,0.562741244108319,0.209287502197593,0.513750730984271,1.0351966480266
84,2SLS,sin,2,1000,4,0.469012425581934,0.0528780722333892,0.440643407586957,0.743195881475068
84,GMRF Prior,sin,2,1000,4,0.615028360700447,0.051700077057498,0.30209213393234,0.743195881475068
85,2SLS,sin,2,1000,5,0.530550792812736,0.0830883149133061,0.405295323066173,0.743195881475068
85,GMRF Prior,sin,2,1000,5,0.678608152860647,0.085463792425788,0.263325303770385,0.743195881475068
86,2SLS,sin,2,1000,6,0.363451112981318,0.0670507323257213,0.906985475004468,0.743195881475068
86,GMRF Prior,sin,2,1000,6,0.703330703262067,0.0465360944474815,0.231575730452874,0.743195881475068
87,2SLS,I,3,1000,4,0.160590875007521,-0.0974371500857043,1.14678767209386,0.669241053215507
87,GMRF Prior,I,3,1000,4,0.553321138254844,0.0514470576541972,0.337258470338006,0.669241053215507
88,2SLS,I,3,1000,5,0.163414415946803,0.132732746201658,2.05680898373381,0.660523599385003
88,GMRF Prior,I,3,1000,5,0.571143793065775,0.135394591426533,0.352345611866299,0.669241053215507
89,2SLS,I,3,1000,6,0.0333653097109828,0.188768591513476,24.7687721450627,0.62220478413312
89,GMRF Prior,I,3,1000,6,0.62494186391645,0.0846408979213003,0.317871714930133,0.669241053215507
90,2SLS,squared,3,1000,4,0.151294298051464,0.0769568641375562,0.90234965424226,0.318164442687474
90,GMRF Prior,squared,3,1000,4,0.561148275234393,0.0202245478105299,0.142924983737335,0.318032653126115
91,2SLS,squared,3,1000,5,0.0532694646881251,0.0472681403799083,3.81204850266528,0.317537576829759
91,GMRF Prior,squared,3,1000,5,0.59654991373604,0.00631847639276575,0.157492825279828,0.318032653126115
92,2SLS,squared,3,1000,6,0.0447788220145238,0.0991575456069138,6.1550612451921,0.320633235325246
92,GMRF Prior,squared,3,1000,6,0.551641952923066,0.0310685135045567,0.170921072391231,0.318032653126115
93,2SLS,sin,3,1000,4,0.203674763297601,0.131610976640352,1.02891001415862,0.701285032506916
93,GMRF Prior,sin,3,1000,4,0.460111871546194,0.0543126454932365,0.392245613948183,0.701012577345426
94,2SLS,sin,3,1000,5,0.026378714673578,0.39015263043117,17.0602726042467,0.699674704533957
94,GMRF Prior,sin,3,1000,5,0.487468690683816,0.105522836695754,0.386186407594347,0.701012577345426
95,2SLS,sin,3,1000,6,0.0264135404329034,-0.192407526412522,7.78445073274882,0.695831454100378
95,GMRF Prior,sin,3,1000,6,0.509845645521006,0.0764352457536749,0.36120786958865,0.701012577345426
96,2SLS,I,4,1000,4,0.0665192231155395,-0.0685096869044913,15.493240828465,0.684989122756283
96,GMRF Prior,I,4,1000,4,0.767615463678853,0.101728987227704,0.188821364019213,0.685004648539204
97,2SLS,I,4,1000,5,0.00155108561619524,0.722818707000766,248.805654308918,0.701938524061127
97,GMRF Prior,I,4,1000,5,0.766713060785416,0.126164020141745,0.209988086798678,0.685004648539204
98,2SLS,I,4,1000,6,9.19556986990312e-08,0.0689955307085181,393.58427480913,0.759509826847804
98,GMRF Prior,I,4,1000,6,0.735519341204495,0.0961726662099835,0.218312564672822,0.685004648539204
99,2SLS,squared,4,1000,4,0.00256473832147999,0.661905903688571,148.034445226044,1.07880642916081
99,GMRF Prior,squared,4,1000,4,0.404870298822863,0.100382230013432,0.65804330788808,1.08391184012487
100,2SLS,squared,4,1000,5,0.0061054168802976,3.1739571974489,1091.04792623628,1.1181443386316
100,GMRF Prior,squared,4,1000,5,0.51870507132496,0.109646919584235,0.541422265123555,1.08391184012487
101,2SLS,squared,4,1000,6,0.00544308099473069,1.81113752352394,451.881779546561,1.27243156576644
101,GMRF Prior,squared,4,1000,6,0.574288437018154,0.081610284923198,0.485094989271021,1.08391184012487
102,2SLS,sin,4,1000,4,0.017500769793025,0.581859060471727,24.6377673133222,0.749136037470046
102,GMRF Prior,sin,4,1000,4,0.574391662780862,0.0585875898671597,0.333044734767696,0.753832094592345
103,2SLS,sin,4,1000,5,0.00757388827072915,1.45567660540106,113.527259189396,0.741323044422177
103,GMRF Prior,sin,4,1000,5,0.629900591588357,0.0657601588341208,0.300814598487722,0.753832094592345
104,2SLS,sin,4,1000,6,0.000165994554974017,-1.59959260950187,357.585259287774,0.732717386750942
104,GMRF Prior,sin,4,1000,6,0.632716592946975,0.110621529493642,0.310886870048731,0.753832094592345
105,2SLS,I,5,1000,4,0.00890555301320704,-1.65475478924936,1021.46533739998,0.650356276000211
105,GMRF Prior,I,5,1000,4,0.536272989627595,0.0584915526975593,0.424868412594992,0.722058445928013
106,2SLS,squared,5,1000,4,0.0023542793460767,1.71335337829991,475.518114038864,0.734604618733648
106,GMRF Prior,squared,5,1000,4,0.36084798220299,0.217024773852371,0.449061461043353,0.6217525511466
107,2SLS,sin,5,1000,4,0.000687748422904527,-1.24138890624051,374.982663742299,0.702079998304453
107,GMRF Prior,sin,5,1000,4,0.469704351305017,0.0867719610890693,0.402692000102705,0.688585084874647
108,2SLS,I,2,1000,2,0.58491012962367,0.0459149034635997,0.291055217796934,0.697561734371937
108,GMRF Prior,I,2,1000,2,0.595304417003043,0.0517330932283384,0.287154929694129,0.697561734371937
109,2SLS,I,2,1000,3,0.711614269157428,0.0447592118651922,0.206212718589688,0.697561734371937
109,GMRF Prior,I,2,1000,3,0.75753509325583,0.0492588456101934,0.175305885395801,0.697561734371937
110,2SLS,I,2,1000,4,0.69855937717263,0.0936214734847773,0.270690398638089,0.697561734371937
110,GMRF Prior,I,2,1000,4,0.806392472592386,0.0915884970695565,0.146778318568176,0.697561734371937
111,2SLS,I,2,1000,5,0.688160924251573,0.095607689011674,0.275222017371269,0.697561734371937
111,GMRF Prior,I,2,1000,5,0.845181715346915,0.110601348347452,0.127172154040784,0.697561734371937
112,2SLS,I,2,1000,6,0.52846230021345,0.223070417772705,0.845943250236999,0.697561734371937
112,GMRF Prior,I,2,1000,6,0.86223143950594,0.0911975752917293,0.116677300543398,0.697561734371937
113,2SLS,I,2,1000,7,0.597246312479131,0.0913035405273376,0.619253704859835,0.697561734371937
113,GMRF Prior,I,2,1000,7,0.899832014611956,0.0752965432193114,0.082545403063366,0.697561734371937
114,2SLS,squared,2,1000,2,0.364776508972009,0.0947726041832702,0.599176504456815,0.892540396780128
114,GMRF Prior,squared,2,1000,2,0.368998933996521,0.0886395747714748,0.610265111829403,0.892540396780128
115,2SLS,squared,2,1000,3,0.4550234698291,0.113373397695137,0.49979281427014,0.892540396780128
115,GMRF Prior,squared,2,1000,3,0.506708393007766,0.125219594608089,0.478443100602245,0.892540396780128
116,2SLS,squared,2,1000,4,0.617827153104779,0.108504057403585,0.35502824341575,0.892540396780128
116,GMRF Prior,squared,2,1000,4,0.650253999533428,0.14318540940592,0.375229492081885,0.892540396780128
117,2SLS,squared,2,1000,5,0.623712630297346,0.104201166369739,0.361958840351486,0.892540396780128
117,GMRF Prior,squared,2,1000,5,0.711698828702225,0.117445008588242,0.333696136391191,0.892540396780128
118,2SLS,squared,2,1000,6,0.555020547787562,0.026752569741694,0.424812642390013,0.892540396780128
118,GMRF Prior,squared,2,1000,6,0.713443246520743,0.107356511910683,0.356092340540589,0.892540396780128
119,2SLS,squared,2,1000,7,0.539712107501708,0.117481806527724,0.519372291279379,0.892540396780128
119,GMRF Prior,squared,2,1000,7,0.758487316593342,0.146996054722968,0.343300567197269,0.892540396780128
120,2SLS,sin,2,1000,2,0.618731787665046,0.336068201338689,0.354282674735586,0.634273582718688
120,GMRF Prior,sin,2,1000,2,0.617474768874195,0.341273764760537,0.35864105881554,0.634273582718688
121,2SLS,sin,2,1000,3,0.537808100096596,0.403838748437643,0.458100379815354,0.634273582718688
121,GMRF Prior,sin,2,1000,3,0.649254211798264,0.378096965705419,0.376414866422596,0.634273582718688
122,2SLS,sin,2,1000,4,0.661047314349101,0.343009190571353,0.333350387956016,0.634273582718688
122,GMRF Prior,sin,2,1000,4,0.789908191314838,0.352517392082687,0.297913949668988,0.634273582718688
123,2SLS,sin,2,1000,5,0.527302848093696,0.437415087291185,0.521230536927232,0.634273582718688
123,GMRF Prior,sin,2,1000,5,0.738602338498271,0.401876967567426,0.380438438936738,0.634273582718688
124,2SLS,sin,2,1000,6,0.548696035988594,0.389100395768206,0.488070869324403,0.634273582718688
124,GMRF Prior,sin,2,1000,6,0.777843545668966,0.38230357117191,0.331386645511044,0.634273582718688
125,2SLS,sin,2,1000,7,0.469966816011153,0.443671484338393,0.733955494792097,0.634273582718688
125,GMRF Prior,sin,2,1000,7,0.797808903256076,0.398228602881064,0.346285021088134,0.634273582718688
126,2SLS,I,3,1000,2,0.487849824569825,0.201318268143678,0.47686714653592,0.743892347586757
126,GMRF Prior,I,3,1000,2,0.516429102691592,0.203107014614303,0.415126699476677,0.743892347586757
127,2SLS,I,3,1000,3,0.504021884072181,0.21336109925685,0.569053481146608,0.743892347586757
127,GMRF Prior,I,3,1000,3,0.686585125757609,0.24182286156164,0.292556517183958,0.743892347586757
128,2SLS,I,3,1000,4,0.360009299028476,0.292565736000106,1.12793828803171,0.743892347586757
128,GMRF Prior,I,3,1000,4,0.760630977516764,0.250151561031222,0.24028445748991,0.743892347586757
129,2SLS,I,3,1000,5,0.288923353742199,0.0607810915876114,2.3958077726259,0.735456367501715
129,GMRF Prior,I,3,1000,5,0.801966892130754,0.239382735102709,0.204795056494679,0.743892347586757
130,2SLS,I,3,1000,6,0.0874220492946678,-0.102200284120487,9.82767908537486,0.734168145019687
130,GMRF Prior,I,3,1000,6,0.811954856990729,0.246780196643895,0.204495072431387,0.743892347586757
131,2SLS,I,3,1000,7,0.00744158281893659,-0.802939297792283,44.6729394095114,0.707545755364629
131,GMRF Prior,I,3,1000,7,0.826611500461902,0.238740298674549,0.188626749141895,0.743892347586757
132,2SLS,squared,3,1000,2,0.254640452512353,-0.154037191887297,0.869199503528085,1.13625091410731
132,GMRF Prior,squared,3,1000,2,0.294835385206824,-0.148681736261285,0.830939422821301,1.13625091410731
133,2SLS,squared,3,1000,3,0.379209413464074,-0.156893979662059,0.784269936280358,1.13625091410731
133,GMRF Prior,squared,3,1000,3,0.463417282063556,-0.10956160822867,0.620354078363096,1.13625091410731
134,2SLS,squared,3,1000,4,0.283113667037073,-0.047952039261646,1.40015489150081,1.13878088932977
134,GMRF Prior,squared,3,1000,4,0.608574135980299,-0.0941796002471233,0.456272773320115,1.13625091410731
135,2SLS,squared,3,1000,5,0.160690888243808,-0.267902142238662,3.00576561992991,1.1435374127854
135,GMRF Prior,squared,3,1000,5,0.644068847905,-0.0890427525002298,0.414041716142834,1.13625091410731
136,2SLS,squared,3,1000,6,0.034664350035231,-0.373879906388639,23.1651062905702,1.1579092339795
136,GMRF Prior,squared,3,1000,6,0.669829045122756,-0.121251992731283,0.39235732270646,1.13625091410731
137,2SLS,squared,3,1000,7,0.00908349249147367,-1.57074345974506,287.673766904982,1.1717052612756
137,GMRF Prior,squared,3,1000,7,0.709004269614988,-0.0931108129692957,0.342519704643648,1.13625091410731
138,2SLS,sin,3,1000,2,9.33877692619679e-05,0.0458705080941868,0.806068181620126,0.75066697462369
138,GMRF Prior,sin,3,1000,2,0.00500221205429278,0.0481268485254936,0.748467005741218,0.75066697462369
139,2SLS,sin,3,1000,3,0.255265412565995,0.0491021420173013,0.665286310438499,0.75066697462369
139,GMRF Prior,sin,3,1000,3,0.363049622109797,0.0503934606846869,0.481485793747603,0.75066697462369
140,2SLS,sin,3,1000,4,0.255553314688203,0.0418865633883367,1.25721245589213,0.747646231984568
140,GMRF Prior,sin,3,1000,4,0.39667714119263,0.0543357420876583,0.4590267300318,0.75066697462369
141,2SLS,sin,3,1000,5,0.0125364048471426,0.0190954336349414,9.40245272590033,0.74341430326186
141,GMRF Prior,sin,3,1000,5,0.403420800961858,0.0554281184133185,0.458331110074483,0.75066697462369
142,2SLS,sin,3,1000,6,0.05384883638222,-0.221557987575719,5.73634641267447,0.73784947850415
142,GMRF Prior,sin,3,1000,6,0.416232380084402,0.0732208516722453,0.444612598794956,0.75066697462369
143,2SLS,sin,3,1000,7,0.0600995508898722,-0.187502056369979,18.6484448433796,0.734849352233833
143,GMRF Prior,sin,3,1000,7,0.473381643188757,0.0584984170084836,0.398683890004812,0.75066697462369
144,2SLS,I,4,1000,2,0.484293201330696,-0.194599192726399,0.413042757055842,0.711659451352636
144,GMRF Prior,I,4,1000,2,0.585635362939458,-0.189700426117149,0.33209464268357,0.711659451352636
145,2SLS,I,4,1000,3,0.346453174413025,-0.029900313670829,0.997692086016869,0.711659451352636
145,GMRF Prior,I,4,1000,3,0.697384004942566,-0.106888380988452,0.232925202085592,0.711659451352636
146,2SLS,I,4,1000,4,0.00057484976929271,11.0915374668721,28182.2862316104,0.711593342810335
146,GMRF Prior,I,4,1000,4,0.708950901504794,-0.114148527206978,0.237471240743649,0.711659451352636
147,2SLS,I,4,1000,5,7.00885801099878e-06,-7.36672081558842,14433.0605850289,0.739287597482061
147,GMRF Prior,I,4,1000,5,0.700513555073346,-0.121406005018449,0.244475659185997,0.711659451352636
148,2SLS,I,4,1000,6,0.00467547226136245,1.60614890800003,178.695541031915,0.697037789604896
148,GMRF Prior,I,4,1000,6,0.711368031910742,-0.142194242824181,0.28165083186199,0.711659451352636
149,2SLS,I,4,1000,7,0.00839662357586248,2.87809392456916,926.001274572503,0.554448168515983
149,GMRF Prior,I,4,1000,7,0.666137283870007,-0.142048433571521,0.294613116241511,0.711659451352636
150,2SLS,squared,4,1000,2,0.00532269029393928,0.114886629039325,0.529854321279463,0.223222979462564
150,GMRF Prior,squared,4,1000,2,0.0255310667914068,0.100432245544711,0.232432146929419,0.223222979462564
151,2SLS,squared,4,1000,3,0.0726882137310895,0.0293204698971823,1.34178663560164,0.223222979462564
151,GMRF Prior,squared,4,1000,3,0.281623928831114,0.112806365456505,0.172727764123209,0.223222979462564
152,2SLS,squared,4,1000,4,0.0406853013804305,0.530593619095778,11.8838910364501,0.223955589922683
152,GMRF Prior,squared,4,1000,4,0.3939884165364,0.151425431977684,0.158487041902424,0.223222979462564
153,2SLS,squared,4,1000,5,0.00156193280671902,-26.4961027047867,73409.4740613016,0.217218409138484
153,GMRF Prior,squared,4,1000,5,0.461276814533049,0.175282996656571,0.150911925979839,0.223222979462564
154,2SLS,squared,4,1000,6,0.000289455095825211,-1.10607978233429,171.444687618687,0.211442862937958
154,GMRF Prior,squared,4,1000,6,0.413421203396243,0.160739765320562,0.191033951604922,0.223222979462564
155,2SLS,squared,4,1000,7,0.00283572176198229,-1.38941956880266,133.081186335111,0.200554939558468
155,GMRF Prior,squared,4,1000,7,0.425167456609141,0.181105565075157,0.202660669661864,0.223222979462564
156,2SLS,sin,4,1000,2,0.305482234836532,0.253637897600575,0.770915588191007,0.782233165142596
156,GMRF Prior,sin,4,1000,2,0.386080216952318,0.261275590116815,0.555682565053965,0.782233165142596
157,2SLS,sin,4,1000,3,0.166914275535535,0.382243051406457,1.71278684862007,0.782233165142596
157,GMRF Prior,sin,4,1000,3,0.394388676572645,0.307935529281372,0.573531919761474,0.782233165142596
158,2SLS,sin,4,1000,4,0.0168819049111207,-0.510065216585832,52.0049720886301,0.775890639958992
158,GMRF Prior,sin,4,1000,4,0.530793968049647,0.305324677725773,0.45985401154497,0.782233165142596
159,2SLS,sin,4,1000,5,0.0112031504445837,-0.43424383151023,265.713469067093,0.757470409337662
159,GMRF Prior,sin,4,1000,5,0.537300797499472,0.320958182987709,0.464197539406045,0.782233165142596
160,2SLS,sin,4,1000,6,0.0188317486187991,2.38691811004335,170.058985055632,0.85067084399454
160,GMRF Prior,sin,4,1000,6,0.583448905204742,0.301239137853003,0.420738353504347,0.782233165142596
161,2SLS,sin,4,1000,7,0.0441032040209247,4.01873660951357,186.383096449195,0.692240971475146
161,GMRF Prior,sin,4,1000,7,0.549694702524498,0.31454655751829,0.452555524316766,0.782233165142596
162,2SLS,I,2,1000,2,0.543275940016771,0.102791406106335,0.373769390657796,0.767730453471476
162,GMRF Prior,I,2,1000,2,0.567339631251021,0.105258300061502,0.344791208368374,0.767730453471476
163,2SLS,I,2,1000,3,0.636827807996558,0.0828657794798203,0.309017334468116,0.767730453471476
163,GMRF Prior,I,2,1000,3,0.688357222886296,0.0933595472521667,0.247565068850485,0.767730453471476
164,2SLS,I,2,1000,4,0.758764071444973,0.0887082363911275,0.199727614119109,0.767730453471476
164,GMRF Prior,I,2,1000,4,0.821123889713518,0.105174377845209,0.154201247641078,0.767730453471476
165,2SLS,I,2,1000,5,0.696805352438187,-0.0143584322747341,0.253581103798225,0.767730453471476
165,GMRF Prior,I,2,1000,5,0.826613983727652,0.0552956886271978,0.150645622618557,0.767730453471476
166,2SLS,I,2,1000,6,0.623290800948085,0.040688379175557,0.375753769754907,0.767730453471476
166,GMRF Prior,I,2,1000,6,0.822308697633787,0.0776467421035287,0.151734920767495,0.767730453471476
167,2SLS,I,2,1000,7,0.547422602131802,0.039508866630595,0.420264572148075,0.767730453471476
167,GMRF Prior,I,2,1000,7,0.843144909504862,0.0799429701811357,0.168085976415002,0.767730453471476
168,2SLS,squared,2,1000,2,0.144364923291781,-0.08879232443854,0.836333084542203,0.969719320527373
168,GMRF Prior,squared,2,1000,2,0.152483251795351,-0.0817828572326438,0.833577147776101,0.969719320527373
169,2SLS,squared,2,1000,3,0.294166577207187,-0.0845909378294094,0.691384107184778,0.969719320527373
169,GMRF Prior,squared,2,1000,3,0.34830387034918,-0.0710713940335845,0.655071100449199,0.969719320527373
170,2SLS,squared,2,1000,4,0.397753199970219,-0.0859719839074788,0.591199290070247,0.969719320527373
170,GMRF Prior,squared,2,1000,4,0.459959314808888,-0.0467890907614419,0.558584122739792,0.969719320527373
171,2SLS,squared,2,1000,5,0.492356203172231,-0.0174845238197471,0.545345119339669,0.969719320527373
171,GMRF Prior,squared,2,1000,5,0.567039043255698,0.0169814148897591,0.437589765483005,0.969719320527373
172,2SLS,squared,2,1000,6,0.374720255719302,-0.0184537156137751,0.806184433237044,0.969719320527373
172,GMRF Prior,squared,2,1000,6,0.600684522685752,0.00787217812963899,0.415058988492124,0.969719320527373
173,2SLS,squared,2,1000,7,0.373505729696219,-0.0483746871189551,0.847259270940305,0.969719320527373
173,GMRF Prior,squared,2,1000,7,0.635639788772779,-0.0170343163652072,0.407919452340658,0.969719320527373
174,2SLS,sin,2,1000,2,0.501082382488511,0.249560593181461,0.462371204489447,0.742344482500034
174,GMRF Prior,sin,2,1000,2,0.528156844730347,0.239261303221247,0.420746599335013,0.742344482500034
175,2SLS,sin,2,1000,3,0.480298697066606,0.110283687945334,0.472426931622677,0.742344482500034
175,GMRF Prior,sin,2,1000,3,0.53666809587566,0.14273787632865,0.369807734786792,0.742344482500034
176,2SLS,sin,2,1000,4,0.608063099542747,0.169982820805105,0.429852110120318,0.742344482500034
176,GMRF Prior,sin,2,1000,4,0.654585148432992,0.210773449539077,0.307882073441733,0.742344482500034
177,2SLS,sin,2,1000,5,0.628084987309979,0.0911309489453856,0.452644879141887,0.742344482500034
177,GMRF Prior,sin,2,1000,5,0.710264433348431,0.163045884277565,0.241597548882723,0.742344482500034
178,2SLS,sin,2,1000,6,0.605928282469287,0.180854683308236,0.505911442002169,0.742344482500034
178,GMRF Prior,sin,2,1000,6,0.740646782563358,0.234966699465899,0.247308401537935,0.742344482500034
179,2SLS,sin,2,1000,7,0.598029831921763,0.172106944527166,0.644994046679103,0.742344482500034
179,GMRF Prior,sin,2,1000,7,0.764561543497746,0.208991773415327,0.218259706331618,0.742344482500034
180,2SLS,I,3,1000,2,0.432941227782157,0.0241647599002801,0.412275227364501,0.712352654724463
180,GMRF Prior,I,3,1000,2,0.472496172165351,0.0319476411813278,0.376577602112641,0.712352654724463
181,2SLS,I,3,1000,3,0.407301737006862,0.037130783968388,0.510378258375818,0.712352654724463
181,GMRF Prior,I,3,1000,3,0.603834818541145,0.0411434372882073,0.288499356794603,0.712352654724463
182,2SLS,I,3,1000,4,0.431913026701557,0.0548788485124878,0.652544881087037,0.703122836604914
182,GMRF Prior,I,3,1000,4,0.670262006862595,0.0867149865974342,0.243863591250383,0.712352654724463
183,2SLS,I,3,1000,5,0.163361759044,0.14851019431036,2.33649158247317,0.707364344724551
183,GMRF Prior,I,3,1000,5,0.689545472828733,0.0953567576075551,0.236547567405354,0.712352654724463
184,2SLS,I,3,1000,6,0.0932885362687359,0.181929639225639,9.63380069531412,0.693507331156771
184,GMRF Prior,I,3,1000,6,0.715165182885747,0.0875504275590977,0.222948230998589,0.712352654724463
185,2SLS,I,3,1000,7,0.0918480012063443,0.131216963223438,6.4214712905794,0.69400178862933
185,GMRF Prior,I,3,1000,7,0.736332298467957,0.0959541559731794,0.206784275730502,0.712352654724463
186,2SLS,squared,3,1000,2,0.293124642701556,0.110662272668999,0.455578366930509,0.534153040061852
186,GMRF Prior,squared,3,1000,2,0.35311630525512,0.0888955979973273,0.376602239572667,0.534153040061852
187,2SLS,squared,3,1000,3,0.341584580392351,0.108207812602786,0.565728418798124,0.534153040061852
187,GMRF Prior,squared,3,1000,3,0.494282346503698,0.0881776091216062,0.282492186474783,0.534153040061852
188,2SLS,squared,3,1000,4,0.307985740684775,0.257115338086222,0.886293176281166,0.534974137369811
188,GMRF Prior,squared,3,1000,4,0.570940338862206,0.177265775266035,0.261189643066286,0.534153040061852
189,2SLS,squared,3,1000,5,0.217392084221145,0.212990385586023,3.12819139637864,0.530070488203218
189,GMRF Prior,squared,3,1000,5,0.608967329492268,0.158705550259355,0.233601929907255,0.534153040061852
190,2SLS,squared,3,1000,6,0.00136192214285049,0.876961285393554,82.0897577607236,0.53722461756177
190,GMRF Prior,squared,3,1000,6,0.607939808527442,0.144257449842901,0.23485380237169,0.534153040061852
191,2SLS,squared,3,1000,7,0.0488867522643888,0.367358373778293,24.1617984248232,0.525436227459727
191,GMRF Prior,squared,3,1000,7,0.680928792885204,0.167123143331011,0.203365304250466,0.534153040061852
192,2SLS,sin,3,1000,2,0.334521126900227,0.050050458211359,0.519730195670094,0.735691559268949
192,GMRF Prior,sin,3,1000,2,0.346651422133929,0.0598932860669125,0.492594690765488,0.735691559268949
193,2SLS,sin,3,1000,3,0.415640158824124,0.103246347085274,0.547159526381312,0.735691559268949
193,GMRF Prior,sin,3,1000,3,0.58554280492213,0.10973143786749,0.319576407801329,0.735691559268949
194,2SLS,sin,3,1000,4,0.259164357088579,0.192288092303156,1.04419610338256,0.732551512663324
194,GMRF Prior,sin,3,1000,4,0.589240805624011,0.130501523660621,0.324887715752946,0.735691559268949
195,2SLS,sin,3,1000,5,0.116197399482288,0.0893588363996157,2.88588611884038,0.735691559268949
195,GMRF Prior,sin,3,1000,5,0.677535808843596,0.109369340092436,0.26157238428647,0.735691559268949
196,2SLS,sin,3,1000,6,0.00304241030078982,0.679946836212006,144.39713544645,0.715463535740827
196,GMRF Prior,sin,3,1000,6,0.674837169126193,0.159232567214542,0.280063922200606,0.735691559268949
197,2SLS,sin,3,1000,7,0.0238613183790778,-0.369349722851138,58.6096138826355,0.72238476982183
197,GMRF Prior,sin,3,1000,7,0.715428212467104,0.143864447970495,0.240620644884271,0.735691559268949
198,2SLS,I,4,1000,2,0.494953038196555,0.302961157919775,0.496494493406677,0.699499401368333
198,GMRF Prior,I,4,1000,2,0.610518729219448,0.27942822312623,0.350453424392308,0.699499401368333
199,2SLS,I,4,1000,3,0.36033365959406,0.262391820518202,1.10981536468732,0.699499401368333
199,GMRF Prior,I,4,1000,3,0.687085867672424,0.240246871344878,0.282331579115599,0.699499401368333
200,2SLS,I,4,1000,4,0.00911778534815677,1.01068124225099,85.279714791612,0.694029799671997
200,GMRF Prior,I,4,1000,4,0.715499737125653,0.274155298483884,0.288263272953017,0.699499401368333
201,2SLS,I,4,1000,5,0.0395717617902525,2.07259948239715,787.811645781069,0.669693605331487
201,GMRF Prior,I,4,1000,5,0.719780124863436,0.292725070990973,0.295853378152541,0.699499401368333
202,2SLS,I,4,1000,6,0.00830485093756582,2.30258772249219,1632.67588001817,0.684079413271303
202,GMRF Prior,I,4,1000,6,0.715123772475204,0.289728780593594,0.310548730815901,0.699499401368333
203,2SLS,I,4,1000,7,0.00551604851409463,0.847981684116251,179.118569009783,0.736789254049251
203,GMRF Prior,I,4,1000,7,0.690272878128478,0.268878030424153,0.327525207719532,0.699499401368333
204,2SLS,squared,4,1000,2,0.108858498731042,-0.220995928541444,0.701996849386957,0.614930026315216
204,GMRF Prior,squared,4,1000,2,0.171763418908256,-0.230322714376966,0.56135541862898,0.614930026315216
205,2SLS,squared,4,1000,3,0.183186207635485,-0.150662272073701,1.46853118856641,0.614930026315216
205,GMRF Prior,squared,4,1000,3,0.38474434784411,-0.210098652184238,0.424795353250285,0.614930026315216
206,2SLS,squared,4,1000,4,0.0170122685875519,-0.35189249683929,36.2711386658735,0.627299730600642
206,GMRF Prior,squared,4,1000,4,0.493703708502931,-0.190978891906962,0.347797407984439,0.614930026315216
207,2SLS,squared,4,1000,5,0.000578468479729044,2.1056062079306,1963.139925442,0.572399056536946
207,GMRF Prior,squared,4,1000,5,0.569457950657267,-0.177194452780318,0.295888247261172,0.614930026315216
208,2SLS,squared,4,1000,6,0.0252934032998357,3.17497580371346,1020.64736186593,0.652313057152555
208,GMRF Prior,squared,4,1000,6,0.58225328301654,-0.181001059562467,0.28952244258669,0.614930026315216
209,2SLS,squared,4,1000,7,0.0168257864809878,-0.404684432610966,1049.99430465269,0.750941744803847
209,GMRF Prior,squared,4,1000,7,0.567666474562577,-0.169882446069223,0.297672027290817,0.614930026315216
210,2SLS,sin,4,1000,2,0.382970273971091,0.216950175627019,0.461122312184086,0.669004940453891
210,GMRF Prior,sin,4,1000,2,0.469956080994704,0.237052240834625,0.44791053128241,0.669004940453891
211,2SLS,sin,4,1000,3,0.159581395654448,0.220131419243906,1.27844441971073,0.669004940453891
211,GMRF Prior,sin,4,1000,3,0.519524964216038,0.238485688137358,0.412458413452805,0.669004940453891
212,2SLS,sin,4,1000,4,0.0207125922404422,-0.218050090755575,108.697230913713,0.672657187530823
212,GMRF Prior,sin,4,1000,4,0.614598704571811,0.257955552201582,0.409766363458021,0.669004940453891
213,2SLS,sin,4,1000,5,0.0062166820699511,-5.74551689512135,16294.2401230759,0.667357197608513
213,GMRF Prior,sin,4,1000,5,0.639184434274396,0.253165346569317,0.378464084141998,0.669004940453891
214,2SLS,sin,4,1000,6,9.1858985560862e-05,-0.108534279875991,80.0041812664951,0.67023089934113
214,GMRF Prior,sin,4,1000,6,0.664094345342434,0.267431613277279,0.381095664336919,0.669004940453891
215,2SLS,sin,4,1000,7,0.000776737773779269,1.26055450723131,407.212257220758,0.682973424435043
215,GMRF Prior,sin,4,1000,7,0.631919301858476,0.28359205292236,0.39535671365711,0.669004940453891
216,2SLS,I,5,1000,2,0.321515009111393,-0.0168499298896899,0.657968149884307,0.72341023629249
216,GMRF Prior,I,5,1000,2,0.542522739964379,0.0402688136435505,0.352600961234711,0.72341023629249
217,2SLS,I,5,1000,3,0.0798316856235841,0.31662670247608,12.0216106750041,0.72893434092025
217,GMRF Prior,I,5,1000,3,0.702040485939813,0.0958321810292936,0.303882232034151,0.72341023629249
218,2SLS,I,5,1000,4,0.0120641723278769,2.83369306138224,240.538284541522,0.809964786941329
218,GMRF Prior,I,5,1000,4,0.709820678265954,0.0638391113107019,0.335273381242218,0.72341023629249
219,2SLS,I,5,1000,5,0.0449422121898858,1.48448793627528,76.2803940249586,0.871458971543173
219,GMRF Prior,I,5,1000,5,0.645191485346733,0.0450229184578756,0.407370044915582,0.72341023629249
220,2SLS,squared,5,1000,2,0.15558653591095,-0.0730707302877485,0.841194014320291,0.880097239075819
220,GMRF Prior,squared,5,1000,2,0.260695093810405,-0.0130726221058759,0.690245571478751,0.880097239075819
221,2SLS,squared,5,1000,3,0.00367877872695197,-1.48085636441879,1676.85142281743,0.874757235508592
221,GMRF Prior,squared,5,1000,3,0.417196176783537,0.0439493079528437,0.555594263574942,0.880097239075819
222,2SLS,squared,5,1000,4,0.00605552319059842,-1.49774981553874,225.220692853567,0.981077521547555
222,GMRF Prior,squared,5,1000,4,0.534689848166238,0.0203243999057913,0.425399410267724,0.880097239075819
223,2SLS,squared,5,1000,5,0.0092674542355381,-2.33845031973599,167.0249584406,1.06260990657291
223,GMRF Prior,squared,5,1000,5,0.549364901421729,0.011124404116463,0.419376361767756,0.880097239075819
224,2SLS,sin,5,1000,2,0.0510558945060713,-0.0317317957720647,0.879178158963404,0.735839111201782
224,GMRF Prior,sin,5,1000,2,0.147520527927294,-0.0260007133621326,0.642050757705944,0.735839111201782
225,2SLS,sin,5,1000,3,0.0372053638863104,-0.134596537939857,9.47945831106266,0.732794805422888
225,GMRF Prior,sin,5,1000,3,0.391723728320178,0.0145066261697659,0.475593916427529,0.735839111201782
226,2SLS,sin,5,1000,4,0.0235007578293895,-0.021860038764099,220.779668734518,0.738155737668832
226,GMRF Prior,sin,5,1000,4,0.547703302407413,0.0151622893172237,0.335902071751369,0.735839111201782
227,2SLS,sin,5,1000,5,0.00303760910460889,-1.05875314196609,440.116540973102,0.796648562417762
227,GMRF Prior,sin,5,1000,5,0.546615537452687,0.0197867268739214,0.355086539517567,0.735839111201782
228,2SLS,I,1,1000,3,0.807448512402714,0.344372455638253,0.263474648687695,0.686056371208638
228,GMRF Prior,I,1,1000,3,0.820619652144005,0.348086792467326,0.250129835451358,0.686056371208638
229,2SLS,I,1,1000,4,0.861829952033711,0.341919298503882,0.224047258269258,0.686056371208638
229,GMRF Prior,I,1,1000,4,0.882236371849067,0.343893948511655,0.202323612995919,0.686056371208638
230,2SLS,I,1,1000,5,0.875095270345423,0.351905842627333,0.2212953525806,0.686056371208638
230,GMRF Prior,I,1,1000,5,0.898889723198589,0.357146369928374,0.198951955882545,0.686056371208638
231,2SLS,I,1,1000,6,0.876226009800887,0.310433727818612,0.20119924343713,0.686056371208638
231,GMRF Prior,I,1,1000,6,0.904620032752202,0.318507654127435,0.171170031988474,0.686056371208638
232,2SLS,I,1,1000,7,0.867479098765667,0.286882724386256,0.224606060781668,0.686056371208638
232,GMRF Prior,I,1,1000,7,0.906615539051363,0.31326734654104,0.175703572550015,0.686056371208638
233,2SLS,I,1,1000,8,0.880715731645855,0.328918909204664,0.243142313455458,0.686056371208638
233,GMRF Prior,I,1,1000,8,0.914681705557004,0.346590123434227,0.193396320350116,0.686056371208638
234,2SLS,I,1,1000,9,0.88158588701883,0.278658759497831,0.226587929383855,0.686056371208638
234,GMRF Prior,I,1,1000,9,0.906893434937151,0.311712441925628,0.18426932104926,0.686056371208638
235,2SLS,I,1,1000,10,0.963486959862644,0.264238604425431,0.159875093499305,0.686056371208638
235,GMRF Prior,I,1,1000,10,0.959810698080812,0.306681045410719,0.142062791902536,0.686056371208638
236,2SLS,squared,1,1000,3,0.727068358848191,-0.0288095799167071,0.0825212307850932,0.299952517734693
236,GMRF Prior,squared,1,1000,3,0.729465230349098,-0.0328126460192889,0.0821920278543319,0.299952517734693
237,2SLS,squared,1,1000,4,0.785870928435268,-0.017988218491591,0.0879016243277785,0.299952517734693
237,GMRF Prior,squared,1,1000,4,0.800027924761897,-0.0262495969627875,0.102771638186063,0.299952517734693
238,2SLS,squared,1,1000,5,0.518813869752225,-0.0219588108710986,0.149648513643743,0.299952517734693
238,GMRF Prior,squared,1,1000,5,0.68300754692245,-0.0194407008736075,0.109292308512982,0.299952517734693
239,2SLS,squared,1,1000,6,0.483413582812929,-0.0568839204974623,0.236908433702143,0.299952517734693
239,GMRF Prior,squared,1,1000,6,0.627548822350773,-0.051285878626461,0.119892877932326,0.299952517734693
240,2SLS,squared,1,1000,7,0.599424826202079,-0.097301442696015,0.172354014749033,0.299952517734693
240,GMRF Prior,squared,1,1000,7,0.748557995058381,-0.0645462297526997,0.0802336344038339,0.299952517734693
241,2SLS,squared,1,1000,8,0.619382392281935,-0.0815712730558611,0.160299115977277,0.299952517734693
241,GMRF Prior,squared,1,1000,8,0.746267055962778,-0.0543074674449084,0.0801116243742606,0.299952517734693
242,2SLS,squared,1,1000,9,0.642979007797567,-0.130641013855836,0.213029934761456,0.299952517734693
242,GMRF Prior,squared,1,1000,9,0.751361096057567,-0.0977342579064999,0.0902838978727903,0.299952517734693
243,2SLS,squared,1,1000,10,0.740850920416188,-0.132561332520313,0.153040210818984,0.299952517734693
243,GMRF Prior,squared,1,1000,10,0.794981296358552,-0.0978928352915417,0.072412191979337,0.299952517734693
244,2SLS,sin,1,1000,3,0.734613210271915,0.102645982123425,0.170288511827264,0.580143473784698
244,GMRF Prior,sin,1,1000,3,0.739294772734302,0.0993912243989899,0.168264853201949,0.580143473784698
245,2SLS,sin,1,1000,4,0.744310840927947,0.128785580388607,0.165714173210073,0.580143473784698
245,GMRF Prior,sin,1,1000,4,0.786544906128508,0.125270971934034,0.148559823010429,0.580143473784698
246,2SLS,sin,1,1000,5,0.729219349278619,0.114993184588878,0.172451340842549,0.580143473784698
246,GMRF Prior,sin,1,1000,5,0.796913483115814,0.118562820301201,0.152118114762621,0.580143473784698
247,2SLS,sin,1,1000,6,0.695593825677138,0.0948693681339685,0.190616259676501,0.580143473784698
247,GMRF Prior,sin,1,1000,6,0.775816706874124,0.10858348686392,0.144245517004837,0.580143473784698
248,2SLS,sin,1,1000,7,0.737792935004856,0.0532391090355877,0.173879627638205,0.580143473784698
248,GMRF Prior,sin,1,1000,7,0.797338393549289,0.0725916948308083,0.122573952963075,0.580143473784698
249,2SLS,sin,1,1000,8,0.778205742462407,0.00896791856415172,0.142890606452876,0.580143473784698
249,GMRF Prior,sin,1,1000,8,0.836784474352592,0.0522239140046603,0.0979701054915695,0.580143473784698
250,2SLS,sin,1,1000,9,0.832971165466015,0.0210272894296245,0.109604623343642,0.580143473784698
250,GMRF Prior,sin,1,1000,9,0.86004255773271,0.067621791031118,0.0867579610591214,0.580143473784698
251,2SLS,sin,1,1000,10,0.880904943677161,0.00592793598698603,0.0874168990775941,0.580143473784698
251,GMRF Prior,sin,1,1000,10,0.886029112921013,0.063921391863881,0.0709300877957634,0.580143473784698
252,2SLS,I,2,1000,3,0.743909361213206,0.248488431817147,0.269356481079991,0.726753148194407
252,GMRF Prior,I,2,1000,3,0.795458754228981,0.256733445496988,0.215346085651005,0.726753148194407
253,2SLS,I,2,1000,4,0.679637332868365,0.232867569586927,0.345030107994648,0.726753148194407
253,GMRF Prior,I,2,1000,4,0.829979862084324,0.257643995366903,0.190271414964821,0.726753148194407
254,2SLS,I,2,1000,5,0.733373471987363,0.233375608400134,0.350791326406671,0.726753148194407
254,GMRF Prior,I,2,1000,5,0.870881274819675,0.268008071957986,0.165870386489296,0.726753148194407
255,2SLS,I,2,1000,6,0.667470607262651,0.227129888426356,0.508340814590067,0.726753148194407
255,GMRF Prior,I,2,1000,6,0.877448284309413,0.251423197682173,0.152925913157276,0.726753148194407
256,2SLS,I,2,1000,7,0.668470764213182,0.240127324881472,0.542134476709472,0.726753148194407
256,GMRF Prior,I,2,1000,7,0.880699223248708,0.244781284157896,0.146699043484014,0.726753148194407
257,2SLS,I,2,1000,8,0.559440642074076,0.207945465580713,0.800066882939428,0.726753148194407
257,GMRF Prior,I,2,1000,8,0.884620397366098,0.253767011538948,0.149499486758344,0.726753148194407
258,2SLS,I,2,1000,9,0.443079207957931,0.309882344567,1.31150535761281,0.726753148194407
258,GMRF Prior,I,2,1000,9,0.879624037461146,0.261836315478304,0.158140657940636,0.726753148194407
259,2SLS,I,2,1000,10,0.495396852785871,0.115587709521569,1.18703206472927,0.726753148194407
259,GMRF Prior,I,2,1000,10,0.888158448335384,0.253791254482942,0.149467937857692,0.726753148194407
260,2SLS,squared,2,1000,3,0.277752501203731,-0.0165663369201549,0.214739470816986,0.236793848336651
260,GMRF Prior,squared,2,1000,3,0.38335042021159,-0.0176805372615526,0.147750922623104,0.236793848336651
261,2SLS,squared,2,1000,4,0.426838443145941,-0.0239163889028391,0.155487435805997,0.236793848336651
261,GMRF Prior,squared,2,1000,4,0.538312883278305,-0.019652054371141,0.110848305080632,0.236793848336651
262,2SLS,squared,2,1000,5,0.301840095858657,0.0504229098830059,0.285765428941094,0.236793848336651
262,GMRF Prior,squared,2,1000,5,0.571416092186955,0.0318975152515831,0.104015835050953,0.236793848336651
263,2SLS,squared,2,1000,6,0.340836359294619,0.0106977122802787,0.405786728052104,0.236793848336651
263,GMRF Prior,squared,2,1000,6,0.633966481219078,0.0331029213962981,0.0888759179736371,0.236793848336651
264,2SLS,squared,2,1000,7,0.255998513487734,0.134605116858601,0.408979464959148,0.236793848336651
264,GMRF Prior,squared,2,1000,7,0.659932431389889,0.0613248374171371,0.0886190321468521,0.236793848336651
265,2SLS,squared,2,1000,8,0.188584763922459,0.128289655033939,0.663051931761498,0.236793848336651
265,GMRF Prior,squared,2,1000,8,0.657187631539408,0.0612554041151659,0.0975048016455814,0.236793848336651
266,2SLS,squared,2,1000,9,0.113431465868052,0.211799685503239,1.20607252246344,0.236793848336651
266,GMRF Prior,squared,2,1000,9,0.599916988264481,0.0777279700032384,0.102673359258986,0.236793848336651
267,2SLS,squared,2,1000,10,0.130040074422883,0.243432679218689,1.15188375977119,0.236793848336651
267,GMRF Prior,squared,2,1000,10,0.619651951706224,0.093609597750869,0.108517647349388,0.236793848336651
268,2SLS,sin,2,1000,3,0.235459208689888,0.0802403226387716,0.621977514296626,0.774344196826857
268,GMRF Prior,sin,2,1000,3,0.275282023023131,0.077720715686327,0.569210946809421,0.774344196826857
269,2SLS,sin,2,1000,4,0.415395234406275,0.0674810252901085,0.493418319139749,0.774344196826857
269,GMRF Prior,sin,2,1000,4,0.463137460934837,0.087897826412618,0.423083425714294,0.774344196826857
270,2SLS,sin,2,1000,5,0.331277236854762,0.0938629910354354,0.61348707088079,0.774344196826857
270,GMRF Prior,sin,2,1000,5,0.52077819356866,0.0709570761983451,0.375270280404357,0.774344196826857
271,2SLS,sin,2,1000,6,0.499591758840121,0.103554874236576,0.535617633677278,0.774344196826857
271,GMRF Prior,sin,2,1000,6,0.600844946327118,0.125208519400788,0.326367822859535,0.774344196826857
272,2SLS,sin,2,1000,7,0.409370163688899,0.095361827937628,0.638912224123189,0.774344196826857
272,GMRF Prior,sin,2,1000,7,0.631875115474612,0.128650150064514,0.307914867494296,0.774344196826857
273,2SLS,sin,2,1000,8,0.330354874055972,0.0375330080518229,0.923319581826745,0.774344196826857
273,GMRF Prior,sin,2,1000,8,0.630233767364429,0.0952012844267433,0.310770954496619,0.774344196826857
274,2SLS,sin,2,1000,9,0.424929608720948,0.056962327064421,0.81462465195429,0.774344196826857
274,GMRF Prior,sin,2,1000,9,0.680965209034968,0.105172846050476,0.264594863489109,0.774344196826857
275,2SLS,sin,2,1000,10,0.30204882383889,0.0572119670451518,1.48046488204587,0.774344196826857
275,GMRF Prior,sin,2,1000,10,0.682236634984556,0.101573248770274,0.267833410509463,0.774344196826857
276,2SLS,I,1,1000,7,0.872152886720017,-0.100180205451523,0.106560040775134,0.734621690272268
276,GMRF Prior,I,1,1000,7,0.910188012268804,-0.0875187442740923,0.093425349117749,0.734621690272268
277,2SLS,I,1,1000,8,0.912781163408553,-0.0861401535866885,0.0756877461005941,0.734621690272268
277,GMRF Prior,I,1,1000,8,0.928507964841979,-0.0748306686908696,0.0772583046299794,0.734621690272268
278,2SLS,I,1,1000,9,0.895565289736967,-0.119497735973632,0.0932505085952577,0.734621690272268
278,GMRF Prior,I,1,1000,9,0.935381455610234,-0.0969572266506214,0.0815044825825547,0.734621690272268
279,2SLS,I,1,1000,10,0.849706846205367,-0.13319752267619,0.129371976273363,0.734621690272268
279,GMRF Prior,I,1,1000,10,0.926305458241768,-0.102525504493375,0.0795866934559268,0.734621690272268
280,2SLS,squared,1,1000,7,0.607851836747866,0.173175941591387,0.132782780716988,0.230891431382573
280,GMRF Prior,squared,1,1000,7,0.782880711817875,0.158456191392359,0.0787774478398224,0.230891431382573
281,2SLS,squared,1,1000,8,0.676969769557418,0.162553455362651,0.107419781679514,0.230891431382573
281,GMRF Prior,squared,1,1000,8,0.828188371978335,0.143948804455323,0.0648371297388514,0.230891431382573
282,2SLS,squared,1,1000,9,0.556913537437687,0.194599145015934,0.167628500972952,0.230891431382573
282,GMRF Prior,squared,1,1000,9,0.790130604773809,0.176205485236577,0.0827646602413154,0.230891431382573
283,2SLS,squared,1,1000,10,0.551146895985879,0.15508913377606,0.176267012903396,0.230891431382573
283,GMRF Prior,squared,1,1000,10,0.817273880793956,0.14134682744626,0.0649617457828748,0.230891431382573
284,2SLS,sin,1,1000,7,0.635063468588211,0.0541074311439966,0.373764275241337,0.912214008175741
284,GMRF Prior,sin,1,1000,7,0.682083223444142,0.0624977360710173,0.296160371171538,0.912214008175741
285,2SLS,sin,1,1000,8,0.713863812756326,0.0423877839629957,0.268781918314053,0.912214008175741
285,GMRF Prior,sin,1,1000,8,0.764324808581367,0.0532550898908246,0.218012713641715,0.912214008175741
286,2SLS,sin,1,1000,9,0.760341291908641,0.0479398307589937,0.222700805161206,0.912214008175741
286,GMRF Prior,sin,1,1000,9,0.802360321262539,0.0604655683989099,0.186025949593018,0.912214008175741
287,2SLS,sin,1,1000,10,0.76993366183557,-0.000908873601005112,0.233160924959953,0.912214008175741
287,GMRF Prior,sin,1,1000,10,0.80554018195631,0.0365347140175063,0.178830891534358,0.912214008175741
288,2SLS,I,2,1000,7,0.461850688169502,0.0332839159376249,0.717977504999224,0.725447298599755
288,GMRF Prior,I,2,1000,7,0.867142483189149,0.117232751874152,0.134213536360928,0.725447298599755
289,2SLS,I,2,1000,8,0.462119318068954,-0.0704234153972191,0.978526779526164,0.725447298599755
289,GMRF Prior,I,2,1000,8,0.873222114664054,0.124415162152897,0.125411267380638,0.725447298599755
290,2SLS,I,2,1000,9,0.449822344195692,0.0455531929743726,0.926587772371456,0.725447298599755
290,GMRF Prior,I,2,1000,9,0.88260505653306,0.124900334508661,0.126865749339511,0.725447298599755
291,2SLS,I,2,1000,10,0.361126797064553,0.045410023362727,1.51059094994461,0.725447298599755
291,GMRF Prior,I,2,1000,10,0.893028694104924,0.123735870067136,0.116621775381639,0.725447298599755
292,2SLS,squared,2,1000,7,0.434581994188994,0.164132495202854,1.06179712953489,0.927522712531674
292,GMRF Prior,squared,2,1000,7,0.585245056195933,0.203062410135826,0.42508560839673,0.927522712531674
293,2SLS,squared,2,1000,8,0.445570309577104,0.12055115751705,1.14583197425438,0.927522712531674
293,GMRF Prior,squared,2,1000,8,0.633948052085952,0.209578482506933,0.382772814265998,0.927522712531674
294,2SLS,squared,2,1000,9,0.380671531567074,0.2496013473376,1.83353347264167,0.927522712531674
294,GMRF Prior,squared,2,1000,9,0.645844391589886,0.215401150650817,0.374142583434374,0.927522712531674
295,2SLS,squared,2,1000,10,0.366783759003796,0.220041264518711,1.83028211612604,0.927522712531674
295,GMRF Prior,squared,2,1000,10,0.653418775205085,0.230092647957548,0.37386024975904,0.927522712531674
296,2SLS,sin,2,1000,7,0.567763187040815,-0.00308962687466973,0.710723509822585,0.861456710908357
296,GMRF Prior,sin,2,1000,7,0.882760311236599,-0.00683687381035024,0.113129415965922,0.861456710908357
297,2SLS,sin,2,1000,8,0.599495931507263,-0.0226274217835438,0.82514203275115,0.861456710908357
297,GMRF Prior,sin,2,1000,8,0.875546347387495,-0.0073682935887345,0.110164394666518,0.861456710908357
298,2SLS,sin,2,1000,9,0.501309763600759,0.0423121327467188,1.08117787483121,0.861456710908357
298,GMRF Prior,sin,2,1000,9,0.89844520739181,-0.00296644837762008,0.113421755691984,0.861456710908357
299,2SLS,sin,2,1000,10,0.438849620297088,-0.0849179548487685,1.43633344514977,0.861456710908357
299,GMRF Prior,sin,2,1000,10,0.888236082399279,-0.0158712044405364,0.107560109794312,0.861456710908357
300,2SLS,I,3,1000,7,0.0528630330790315,0.254849601842996,20.7753897460359,0.666481819809181
300,GMRF Prior,I,3,1000,7,0.882299706573487,0.0980485180423727,0.0932696089850809,0.655937835943239
301,2SLS,I,3,1000,8,0.016562703739487,-0.170962753570201,77.949630534174,0.699727109762637
301,GMRF Prior,I,3,1000,8,0.891901445566341,0.110407859274627,0.100269135738626,0.655937835943239
302,2SLS,I,3,1000,9,0.0106102053938554,-0.393240544068474,192.514769679242,0.705520603137115
302,GMRF Prior,I,3,1000,9,0.87401981184314,0.112393725042729,0.103820623692583,0.655937835943239
303,2SLS,I,3,1000,10,0.000613022717193698,50.4882070646205,369302.865538154,0.775125442536024
303,GMRF Prior,I,3,1000,10,0.872931460398584,0.115700216684689,0.106640069858657,0.655937835943239
304,2SLS,squared,3,1000,7,0.00915600939944261,0.964302432352181,50.2143742059253,0.351322355462956
304,GMRF Prior,squared,3,1000,7,0.488887846587048,0.257830079585154,0.248323788095472,0.356349293802826
305,2SLS,squared,3,1000,8,0.00055039281636753,0.150958871830708,66.8560106341969,0.354092553104949
305,GMRF Prior,squared,3,1000,8,0.483911707907788,0.267507368848494,0.255563477149041,0.356349293802826
306,2SLS,squared,3,1000,9,0.000523391445550368,0.29127354325477,115.893320415023,0.348720766124306
306,GMRF Prior,squared,3,1000,9,0.491827418119511,0.279305715773767,0.259044530406608,0.356349293802826
307,2SLS,squared,3,1000,10,0.00307165721019861,0.561682456854836,73.8541626458009,0.359460382351162
307,GMRF Prior,squared,3,1000,10,0.522087305653438,0.288876188994926,0.253446328803025,0.356349293802826
308,2SLS,sin,3,1000,7,0.0550471841653068,0.0353953716821893,35.2895363506847,0.754183365909367
308,GMRF Prior,sin,3,1000,7,0.720842992211087,-0.000196751434807353,0.280433830443879,0.735447723541892
309,2SLS,sin,3,1000,8,0.010900131096594,1.43489370704957,139.295464987765,0.776686662678442
309,GMRF Prior,sin,3,1000,8,0.67663595378216,0.0226434101573756,0.301793892145701,0.735447723541892
310,2SLS,sin,3,1000,9,0.00044769050219173,-6.41804261008029,9733.710388979,0.81290135262099
310,GMRF Prior,sin,3,1000,9,0.714019117456886,-0.00176944345603518,0.293719785947246,0.735447723541892
311,2SLS,sin,3,1000,10,0.0310371581136753,0.973213459954617,52.1162735414215,0.81382781327514
311,GMRF Prior,sin,3,1000,10,0.698379268104788,0.0132236870143306,0.283049123260849,0.735447723541892
312,2SLS,I,1,1000,7,0.878400151245252,0.152509338599847,0.117824987791794,0.746054812398166
312,GMRF Prior,I,1,1000,7,0.906955505671521,0.174866776928094,0.102737780455873,0.746054812398166
313,2SLS,I,1,1000,8,0.820828702092542,0.132192060709489,0.171111549305113,0.746054812398166
313,GMRF Prior,I,1,1000,8,0.893664295025291,0.156890272541959,0.104230392037486,0.746054812398166
314,2SLS,I,1,1000,9,0.802225333288153,0.0796534056355142,0.185634542137499,0.746054812398166
314,GMRF Prior,I,1,1000,9,0.884955491862712,0.126860968806558,0.101745581103657,0.746054812398166
315,2SLS,I,1,1000,10,0.841195159803736,0.110660968449855,0.164759678456931,0.746054812398166
315,GMRF Prior,I,1,1000,10,0.903842120768451,0.137576767381822,0.0906107931936244,0.746054812398166
316,2SLS,squared,1,1000,7,0.661044979906323,0.0223359531169106,0.323424875141854,0.798503426484935
316,GMRF Prior,squared,1,1000,7,0.68647919457809,0.0652565797195276,0.259671583947245,0.798503426484935
317,2SLS,squared,1,1000,8,0.643246014033136,0.049873739514441,0.329039765508302,0.798503426484935
317,GMRF Prior,squared,1,1000,8,0.707113304494859,0.0647358121464495,0.238495086641063,0.798503426484935
318,2SLS,squared,1,1000,9,0.72548474213612,0.0356705819673632,0.23721105777606,0.798503426484935
318,GMRF Prior,squared,1,1000,9,0.757458244323975,0.0775490004590916,0.199644788023984,0.798503426484935
319,2SLS,squared,1,1000,10,0.755103138441837,0.0304106698889935,0.212542319637497,0.798503426484935
319,GMRF Prior,squared,1,1000,10,0.785934936927092,0.0774837631763742,0.178448625139283,0.798503426484935
320,2SLS,sin,1,1000,7,0.786564351730414,0.166726652877045,0.225392794181259,0.927173285519946
320,GMRF Prior,sin,1,1000,7,0.783886609620413,0.172539969946585,0.231757069683418,0.927173285519946
321,2SLS,sin,1,1000,8,0.814742776342427,0.133599690173819,0.19223786386117,0.927173285519946
321,GMRF Prior,sin,1,1000,8,0.831061795288088,0.16437074625016,0.186015634573606,0.927173285519946
322,2SLS,sin,1,1000,9,0.844822613784364,0.105009385668046,0.170871805875967,0.927173285519946
322,GMRF Prior,sin,1,1000,9,0.855163092165355,0.144380202755102,0.154898356091175,0.927173285519946
323,2SLS,sin,1,1000,10,0.844726032893688,0.0924575458979667,0.158985863082572,0.927173285519946
323,GMRF Prior,sin,1,1000,10,0.872655298595825,0.140894555871223,0.139845450321575,0.927173285519946
324,2SLS,I,2,1000,7,0.597684995617401,-0.0647609968856693,0.559393353903117,0.715951567374433
324,GMRF Prior,I,2,1000,7,0.873101719850183,0.0108445284508639,0.0936935438748405,0.715951567374433
325,2SLS,I,2,1000,8,0.496715657885548,-0.013819624701482,0.760858454690288,0.715951567374433
325,GMRF Prior,I,2,1000,8,0.868292819562782,0.0246276220634641,0.100512207646271,0.715951567374433
326,2SLS,I,2,1000,9,0.448883245868534,-0.0358605936892028,0.872358720387829,0.715951567374433
326,GMRF Prior,I,2,1000,9,0.892712722235394,0.022148245189554,0.0875389842828812,0.715951567374433
327,2SLS,I,2,1000,10,0.403617020412244,-0.128979185021878,1.65628738378061,0.715951567374433
327,GMRF Prior,I,2,1000,10,0.891512433686455,0.0180752095491012,0.0841344915195649,0.715951567374433
328,2SLS,squared,2,1000,7,0.344176236942421,0.0723613438496412,0.43829642772086,0.342117247117769
328,GMRF Prior,squared,2,1000,7,0.655575724297006,0.0925272977707115,0.130604543425781,0.342117247117769
329,2SLS,squared,2,1000,8,0.365980474346169,0.0194348890225955,0.5456994431104,0.342117247117769
329,GMRF Prior,squared,2,1000,8,0.708650302500747,0.0506318056120667,0.104623053104415,0.342117247117769
330,2SLS,squared,2,1000,9,0.24426065447977,-0.028656779320934,0.814694576453545,0.342117247117769
330,GMRF Prior,squared,2,1000,9,0.690937814154542,0.0761782917413632,0.113980226433881,0.342117247117769
331,2SLS,squared,2,1000,10,0.254014729093656,0.0583272702468457,0.855396450079717,0.342117247117769
331,GMRF Prior,squared,2,1000,10,0.762622711199052,0.0800540594599144,0.100753846556356,0.342117247117769
332,2SLS,sin,2,1000,7,0.429354047362885,0.173206996623065,0.773814989466027,0.674298522966576
332,GMRF Prior,sin,2,1000,7,0.701936787733301,0.118763729814747,0.214709899624131,0.674298522966576
333,2SLS,sin,2,1000,8,0.378775326490928,0.199056607591437,0.932071206057544,0.674298522966576
333,GMRF Prior,sin,2,1000,8,0.726496010179242,0.123741663587578,0.202589379048327,0.674298522966576
334,2SLS,sin,2,1000,9,0.430602947770099,0.119310996719759,0.934176716415074,0.674298522966576
334,GMRF Prior,sin,2,1000,9,0.754938977916982,0.109386465445875,0.17784571604983,0.674298522966576
335,2SLS,sin,2,1000,10,0.386757506790537,0.0439894420026565,1.69972940308422,0.674298522966576
335,GMRF Prior,sin,2,1000,10,0.759307415287406,0.104303640006287,0.174231704687476,0.674298522966576
336,2SLS,I,3,1000,7,0.0118679790471076,-1.99767952502441,782.031090614999,0.691998110574761
336,GMRF Prior,I,3,1000,7,0.80280378968231,0.0875266736879654,0.194587259342079,0.703566475382418
337,2SLS,I,3,1000,8,0.0324787355858187,-0.248990055043206,22.3994091020634,0.660081205402932
337,GMRF Prior,I,3,1000,8,0.815662657944428,0.0962791275135094,0.174573085260659,0.703566475382418
338,2SLS,I,3,1000,9,0.0251060026485705,-0.283586067316792,44.4567080201905,0.685054590073739
338,GMRF Prior,I,3,1000,9,0.82108082985333,0.0985485429772816,0.179513283137382,0.703566475382418
339,2SLS,I,3,1000,10,0.0127629070917426,-0.249273083422372,64.5863823765068,0.672605126114918
339,GMRF Prior,I,3,1000,10,0.818211848446205,0.101529820168048,0.181006246341808,0.703566475382418
340,2SLS,squared,3,1000,7,0.0884014700893328,-0.0191479141894823,7.34925794686617,0.63754584739181
340,GMRF Prior,squared,3,1000,7,0.693284033960914,0.0917455859301892,0.208757646414657,0.62428337111213
341,2SLS,squared,3,1000,8,0.0230083379272739,0.534414356657483,163.102540771387,0.620765319915422
341,GMRF Prior,squared,3,1000,8,0.694930197232633,0.123475518907063,0.211823992056635,0.62428337111213
342,2SLS,squared,3,1000,9,0.0063379484321916,1.1850585752656,110.746123439834,0.660635026685664
342,GMRF Prior,squared,3,1000,9,0.698811443296064,0.150952117589495,0.221482108865872,0.62428337111213
343,2SLS,squared,3,1000,10,0.0730059430654461,0.78756928981013,172.40032328655,0.646210573416954
343,GMRF Prior,squared,3,1000,10,0.68556048527874,0.130212719509633,0.230052681535596,0.62428337111213
344,2SLS,sin,3,1000,7,0.102051989445361,0.0757601933677059,14.7252052081604,0.678956569073848
344,GMRF Prior,sin,3,1000,7,0.64702057143904,0.0922416421948071,0.254623210355561,0.669829293547709
345,2SLS,sin,3,1000,8,0.00827865683703405,0.288706284552883,162.404949004257,0.697734945393586
345,GMRF Prior,sin,3,1000,8,0.650489477014638,0.0782736816186086,0.26824884769334,0.669829293547709
346,2SLS,sin,3,1000,9,0.00245840945435568,-0.731264580596043,182.034223592927,0.696224993082556
346,GMRF Prior,sin,3,1000,9,0.642339259224426,0.054122519338677,0.26211241392933,0.669829293547709
347,2SLS,sin,3,1000,10,0.00430701426257753,62.5167405942131,442179.801680057,0.669887304099316
347,GMRF Prior,sin,3,1000,10,0.64990897523545,0.0937966211278333,0.267704206873375,0.669829293547709
348,2SLS,I,4,1000,5,9.66025091583939e-05,-3.60021136264512,3090.70995074136,0.728513877302423
348,GMRF Prior,I,4,1000,5,0.724677620660669,0.154365619535653,0.267183686899638,0.732416577228359
349,2SLS,I,4,1000,6,0.00236216265045773,10.1959114478255,11759.049000244,0.784652370791405
349,GMRF Prior,I,4,1000,6,0.752012748517182,0.147367486024071,0.243407014321496,0.732416577228359
350,2SLS,I,4,1000,7,0.00329279575050508,11.3150617932582,14196.8162287043,0.770769122845177
350,GMRF Prior,I,4,1000,7,0.71300152536345,0.156555507267315,0.276627241725066,0.732416577228359
351,2SLS,I,4,1000,8,0.000156942306862146,15.2373289108926,23146.435256331,0.806638713379519
351,GMRF Prior,I,4,1000,8,0.715041637739903,0.124454050016914,0.272728294295823,0.732416577228359
352,2SLS,I,4,1000,7,0.00528092155972662,-0.406865615709071,222.743109777915,0.734640300432476
352,GMRF Prior,I,4,1000,7,0.690500530250311,0.0752588467258677,0.328608319225623,0.700344259904669
353,2SLS,I,4,1000,8,0.000157465376544045,0.176356494589618,466.922364578185,0.720138903672195
353,GMRF Prior,I,4,1000,8,0.679966688823978,0.11803878496766,0.34292669305387,0.700344259904669
354,2SLS,I,5,1000,5,0.00392009426878125,-8.49514455469477,7640.94860793167,0.850009523597382
354,GMRF Prior,I,5,1000,5,0.610143447657049,0.118732559160488,0.342879952395179,0.739095783090319
